w1 (rad/s),w2 (rad/s),w3 (rad/s),G3 (Pa),eta3 (Pa s3),J3 (Pa-3),phi3 (Pa-3 s-1),Subspace,"[R,G,B]"
6.4,-6.4,6.4,,,,,D,"[0.0, 0.0, 1.0]"
7.68,-6.4,6.4,,,,,C,"[0.0625, 2.7194799110210365e-16, 0.9375]"
11.52,-6.4,6.4,,,,,C,"[0.21052631578947364, 0.0, 0.7894736842105262]"
7.68,-6.4,7.68,(-24.269013696060565+11.773580572935721j),(0.031189337234856607+0.064290930684568j),(7.654589931096645e-06-7.954155029276397e-06j),(7.126922906231652e-05+6.858512578262593e-05j),B,"[6.798699777552591e-17, 0.11764705882352944, 0.8823529411764703]"
11.52,-6.4,7.68,(-17.44528589867164+12.244385767077462j),(0.02162436338191114+0.030809483525791236j),(5.61697006708528e-06-6.4579650442805675e-06j),(8.266195256679126e-05+7.189721685869157e-05j),B,"[0.15, 0.09999999999999998, 0.75]"
11.52,-6.4,11.52,(-11.469830836260401+10.878770522266485j),(0.012808400050818462+0.013504300101316006j),(3.814264268738165e-06-4.961102179717957e-06j),(8.25527402705068e-05+6.346935743180307e-05j),B,"[3.3993498887762956e-17, 0.3478260869565218, 0.6521739130434783]"
6.4,-7.68,6.4,(-23.960588570912034-17.161296618743634j),(-0.054554292738417415+0.07616865975351979j),(1.2526336689212272e-05+4.4704352259716906e-07j),(-2.288862835697506e-06+6.413484384876684e-05j),D,"[0.0625, 2.7194799110210365e-16, 0.9375]"
7.68,-7.68,6.4,,,,,D,"[6.798699777552591e-17, 0.11764705882352944, 0.8823529411764703]"
11.52,-7.68,6.4,(-19.690193836455634-1.950050861939628j),(-0.0034439137457735057+0.03477413360534886j),(7.73676873347829e-06-1.9508073454879976e-06j),(1.9976267217797094e-05+7.922451183081769e-05j),C,"[0.15, 0.09999999999999998, 0.75]"
7.68,-7.68,7.68,,,,,D,"[0.0, 0.0, 1.0]"
11.52,-7.68,7.68,,,,,C,"[0.14285714285714282, 1.3597399555105182e-16, 0.857142857142857]"
11.52,-7.68,11.52,(-14.254417306473595+11.915698485089168j),(0.011691044863446916+0.013985670453210522j),(4.55379033974844e-06-5.700926764980734e-06j),(8.756623511010407e-05+6.994621961853604e-05j),B,"[3.3993498887762956e-17, 0.24999999999999994, 0.7499999999999999]"
6.4,-11.52,6.4,(-0.24892797954929005-19.75288558261036j),(-0.04186182145565957+0.0005275471571801292j),(1.1899855659666484e-05+4.007512975535043e-06j),(-5.12961660868486e-06+1.5231815244373113e-05j),D,"[0.21052631578947364, 0.0, 0.7894736842105262]"
7.68,-11.52,6.4,(-8.088464702644092-19.50826671568001j),(-0.03445283874879062+0.014284742677907756j),(9.377409025252897e-06+3.0800342435099002e-06j),(-7.884887663385346e-06+2.400616710464742e-05j),D,"[0.15, 0.09999999999999998, 0.75]"
11.52,-11.52,6.4,,,,,D,"[3.3993498887762956e-17, 0.3478260869565218, 0.6521739130434783]"
7.68,-11.52,7.68,(-12.820116026788156-18.76525187457746j),(-0.027617189434689448+0.018867616339654333j),(9.239508975118795e-06+2.951872218074268e-06j),(-1.133518931740519e-05+3.547971446445617e-05j),D,"[0.14285714285714282, 1.3597399555105182e-16, 0.857142857142857]"
11.52,-11.52,7.68,,,,,D,"[3.3993498887762956e-17, 0.24999999999999994, 0.7499999999999999]"
11.52,-11.52,11.52,,,,,D,"[0.0, 0.0, 1.0]"
6.4,6.4,6.4,(-9.73633331404089-0.8783095087656573j),(0.003350484881460789-0.037141164070285365j),(2.9464268286391505e-06-2.739315591938101e-06j),(5.2594859365211545e-05+5.65713951098717e-05j),A,"[0.0, 0.0, 1.0]"
7.68,6.4,6.4,(-9.159285082133906+1.2817533557597838j),(-0.004074584184518762-0.02911658313158005j),(2.2348090643342524e-06-3.037961615572693e-06j),(6.221745388692875e-05+4.576888963756549e-05j),A,"[0.0625, 2.7194799110210365e-16, 0.9375]"
11.52,6.4,6.4,(-10.095724484385327+1.7119275164323335j),(-0.0036280473421570103-0.02139562921393781j),(2.5808507425557874e-06-3.2179838839437853e-06j),(7.826136805751285e-05+6.276629005895675e-05j),A,"[0.21052631578947364, 0.0, 0.7894736842105262]"
7.68,6.4,7.68,(-9.280056609809503+1.357570367581862j),(-0.003596333311880594-0.024583754565476054j),(2.3501293141996838e-06-2.9733455439590926e-06j),(6.469999903654984e-05+5.113881387698511e-05j),A,"[6.798699777552591e-17, 0.11764705882352944, 0.8823529411764703]"
11.52,6.4,7.68,(-10.697993584000802+1.8305586063869466j),(-0.0032328828288660165-0.018893336515074837j),(2.837836807508127e-06-3.2747658549103406e-06j),(8.383400588570472e-05+7.264862227220806e-05j),A,"[0.15, 0.09999999999999998, 0.75]"
11.52,6.4,11.52,(-12.458104514012854+3.257159636533494j),(-0.00383490060468779-0.014667869513726946j),(3.2512277726130454e-06-3.904292998997455e-06j),(0.00011494238589048509+9.571614562572806e-05j),A,"[3.3993498887762956e-17, 0.3478260869565218, 0.6521739130434783]"
7.68,7.68,7.68,(-9.213106465337995+5.588420723970032j),(-0.01233688267065426-0.020338664375715774j),(1.3132159045169405e-06-4.110557196067644e-06j),(9.470723779739853e-05+3.0256494440070307e-05j),A,"[0.0, 0.0, 1.0]"
11.52,7.68,7.68,(-10.68300216467606+2.336228154720489j),(-0.00343827282163904-0.01572238392988261j),(2.8123570261522856e-06-3.288683036402349e-06j),(8.839980001849514e-05+7.559615686297343e-05j),A,"[0.14285714285714282, 1.3597399555105182e-16, 0.857142857142857]"
11.52,7.68,11.52,(-13.560835393678554+4.3946594434529365j),(-0.004311804362729682-0.013305165045230532j),(3.4850056210677695e-06-4.3513138923172445e-06j),(0.00013367236277198575+0.00010705937267920188j),A,"[3.3993498887762956e-17, 0.24999999999999994, 0.7499999999999999]"
11.52,11.52,11.52,(-16.45257079928023+10.402221092306986j),(-0.006804067962491455-0.010761587249745547j),(3.535657009960386e-06-6.64176943787635e-06j),(0.00022953955177300667+0.00012219230626423093j),A,"[0.0, 0.0, 1.0]"
3.2,-3.2,3.2,,,,,D,"[0.0, 0.0, 1.0]"
3.84,-3.2,3.2,,,,,C,"[0.0625, 2.7194799110210365e-16, 0.9375]"
5.76,-3.2,3.2,,,,,C,"[0.21052631578947364, 0.0, 0.7894736842105262]"
3.84,-3.2,3.84,(-28.441390187418744+5.969790343771894j),(0.12651634944856208+0.6027516298806667j),(9.67616515849916e-06-1.1505555730501702e-05j),(5.154488967264762e-05+4.3349219910076234e-05j),B,"[6.798699777552591e-17, 0.11764705882352944, 0.8823529411764703]"
5.76,-3.2,3.84,(-19.636831269594094+9.2005328429565j),(0.12998980547525618+0.2774391353691114j),(6.597160311154581e-06-8.117625310099304e-06j),(5.195280198463554e-05+4.2221825991389314e-05j),B,"[0.15, 0.09999999999999998, 0.75]"
5.76,-3.2,5.76,(-12.496559315682966+11.879673302092488j),(0.11189470928891489+0.11770516210186772j),(4.004840448163772e-06-6.795274863145307e-06j),(5.653668686136895e-05+3.3320272528722584e-05j),B,"[3.3993498887762956e-17, 0.3478260869565218, 0.6521739130434783]"
3.2,-3.84,3.2,(-23.31543899384929-19.84224047103401j),(-0.5046142697915142+0.5929422758445559j),(1.6831493533845097e-05-6.574480307965665e-06j),(1.6830669588392108e-05+4.308862344664346e-05j),D,"[0.0625, 2.7194799110210365e-16, 0.9375]"
3.84,-3.84,3.2,,,,,D,"[6.798699777552591e-17, 0.11764705882352944, 0.8823529411764703]"
5.76,-3.84,3.2,(-22.264923615792085-1.9858095113415941j),(-0.028056526344321837+0.314570160135228j),(9.329018136697085e-06-5.738659099818263e-06j),(2.9381934591069508e-05+4.7764572859889075e-05j),C,"[0.15, 0.09999999999999998, 0.75]"
3.84,-3.84,3.84,,,,,D,"[0.0, 0.0, 1.0]"
5.76,-3.84,3.84,,,,,C,"[0.14285714285714282, 1.3597399555105182e-16, 0.857142857142857]"
5.76,-3.84,5.76,(-17.35091677406893+11.866060873548836j),(0.0931387447902604+0.13619031846528334j),(5.367293703557416e-06-7.662504285626963e-06j),(5.8848032913615074e-05+4.122081564332095e-05j),B,"[3.3993498887762956e-17, 0.24999999999999994, 0.7499999999999999]"
3.2,-5.76,3.2,(0.7581944933036633-20.570591934002177j),(-0.3487581369018924-0.012854588712966296j),(2.5652146333122836e-05-5.7826092553411016e-06j),(3.7008699234183083e-06+1.6417373653198628e-05j),D,"[0.21052631578947364, 0.0, 0.7894736842105262]"
3.84,-5.76,3.2,(-5.529277970339992-23.187616909836517j),(-0.32760644008264217+0.07812045020124637j),(1.750835563063635e-05-2.2673060073816923e-06j),(2.9021516894485665e-06+2.2410695207214534e-05j),D,"[0.15, 0.09999999999999998, 0.75]"
5.76,-5.76,3.2,,,,,D,"[3.3993498887762956e-17, 0.3478260869565218, 0.6521739130434783]"
3.84,-5.76,3.84,(-12.390359753801219-24.875400401783338j),(-0.2928769194259566+0.145881084793011j),(1.6238261992428365e-05-1.4455295179203076e-06j),(2.7754166744069907e-06+3.117746302546246e-05j),D,"[0.14285714285714282, 1.3597399555105182e-16, 0.857142857142857]"
5.76,-5.76,3.84,,,,,D,"[3.3993498887762956e-17, 0.24999999999999994, 0.7499999999999999]"
5.76,-5.76,5.76,,,,,D,"[0.0, 0.0, 1.0]"
3.2,3.2,3.2,(-8.357242650047503-2.6764249375079343j),(0.08167800712609662-0.25504280548240665j),(1.5139616708174875e-06-4.358809838765101e-06j),(4.184457445214498e-05+1.4534032039847882e-05j),A,"[0.0, 0.0, 1.0]"
3.84,3.2,3.2,(-7.376808351224159-3.9398627490951235j),(0.1001958910394064-0.18760193764302974j),(2.3748586828342713e-06-3.535143457494863e-06j),(3.61998690047474e-05+2.4318552912222937e-05j),A,"[0.0625, 2.7194799110210365e-16, 0.9375]"
5.76,3.2,3.2,(-7.889808287950179-2.8845651367976517j),(0.04890552328826313-0.13376546712155113j),(2.28725873557737e-06-3.391854004498042e-06j),(4.124494469469619e-05+2.781306622462082e-05j),A,"[0.21052631578947364, 0.0, 0.7894736842105262]"
3.84,3.2,3.84,(-7.935262516087714-2.696883173224826j),(0.057154404814504546-0.16817013456742422j),(1.996998051114195e-06-3.620213533922019e-06j),(3.938792324907156e-05+2.172733879612244e-05j),A,"[6.798699777552591e-17, 0.11764705882352944, 0.8823529411764703]"
5.76,3.2,3.84,(-7.649025786626679-2.2018058703039642j),(0.03110823271439113-0.10806932501088855j),(2.1091596881423002e-06-3.1090278198626167e-06j),(3.97955560942415e-05+2.6997244008221444e-05j),A,"[0.15, 0.09999999999999998, 0.75]"
5.76,3.2,5.76,(-8.722188018788094-1.4683761248743368j),(0.01383064293448683-0.08215433774206933j),(2.3117104033147074e-06-3.262518004788932e-06j),(4.802426503049308e-05+3.402837713679249e-05j),A,"[3.3993498887762956e-17, 0.3478260869565218, 0.6521739130434783]"
3.84,3.84,3.84,(-10.817264742709618-2.9252188317964585j),(0.0516612235139292-0.191039769609056j),(2.638609837437653e-06-4.661216508612059e-06j),(5.369721417921092e-05+3.0396785327281763e-05j),A,"[0.0, 0.0, 1.0]"
5.76,3.84,3.84,(-8.741983524857877-1.7328534479935453j),(0.0204021954005859-0.10292598965559922j),(2.24787755381353e-06-3.401888606981132e-06j),(4.572138287782641e-05+3.0211474323253844e-05j),A,"[0.14285714285714282, 1.3597399555105182e-16, 0.857142857142857]"
5.76,3.84,5.76,(-8.130456313359858-1.4693417795819845j),(0.011533115367983474-0.06381734458201105j),(2.3315877895069004e-06-2.770853778428302e-06j),(4.256031403665872e-05+3.581318844682599e-05j),A,"[3.3993498887762956e-17, 0.24999999999999994, 0.7499999999999999]"
5.76,5.76,5.76,(-8.946785520174343-0.6653155271467321j),(0.003481450373366934-0.04681656825780852j),(2.4972594211073384e-06-2.8227641653902423e-06j),(4.877736477794339e-05+4.315264279673481e-05j),A,"[0.0, 0.0, 1.0]"
1.6,-1.6,1.6,,,,,D,"[0.0, 0.0, 1.0]"
1.92,-1.6,1.6,,,,,C,"[0.0625, 2.7194799110210365e-16, 0.9375]"
2.88,-1.6,1.6,,,,,C,"[0.21052631578947364, 0.0, 0.7894736842105262]"
1.92,-1.6,1.92,(-21.03058470835441-2.233781428074445j),(-0.37871999580797744+3.565569510286867j),(1.0204215477763612e-05-2.0195613583365732e-05j),(4.5238174426739236e-05+2.2857442670190487e-05j),B,"[6.798699777552591e-17, 0.11764705882352944, 0.8823529411764703]"
2.88,-1.6,1.92,(-16.959452400596533+3.7075242913070183j),(0.4190543044825822+1.916894124416383j),(6.984058464933301e-06-1.3213983914817888e-05j),(4.228474852741724e-05+2.2348987087786563e-05j),B,"[0.15, 0.09999999999999998, 0.75]"
2.88,-1.6,2.88,(-13.566822660534223+8.93487365542736j),(0.6732609995469353+1.0222878282737617j),(4.593877273610558e-06-1.0910663215634653e-05j),(4.538835897704016e-05+1.911052945821992e-05j),B,"[3.3993498887762956e-17, 0.3478260869565218, 0.6521739130434783]"
1.6,-1.92,1.6,(-14.301507942591993-14.918389203806795j),(-3.0351540535088692+2.9096492396223943j),(1.8134102749716057e-05-2.5211199730447408e-05j),(3.227033565497269e-05+2.3211651519636555e-05j),D,"[0.0625, 2.7194799110210365e-16, 0.9375]"
1.92,-1.92,1.6,,,,,D,"[6.798699777552591e-17, 0.11764705882352944, 0.8823529411764703]"
2.88,-1.92,1.6,(-18.279177266661325-3.722447108926403j),(-0.4207410017142292+2.0660600751705958j),(9.945981413349914e-06-1.3677694067337976e-05j),(3.501489681238522e-05+2.5461712418175782e-05j),C,"[0.15, 0.09999999999999998, 0.75]"
1.92,-1.92,1.92,,,,,D,"[0.0, 0.0, 1.0]"
2.88,-1.92,1.92,,,,,C,"[0.14285714285714282, 1.3597399555105182e-16, 0.857142857142857]"
2.88,-1.92,2.88,(-18.32265547857006+7.535210349650311j),(0.47316125624230854+1.1505412963471628j),(6.1386306349060465e-06-1.1975286503750069e-05j),(4.598510017440026e-05+2.357234163803922e-05j),B,"[3.3993498887762956e-17, 0.24999999999999994, 0.7499999999999999]"
1.6,-2.88,1.6,(0.1673119969738395-17.02162929393574j),(-2.3087062301887666-0.022693141950661824j),(4.7560472666050273e-05-5.316372384786203e-05j),(1.7012391631315863e-05+1.5219351253136101e-05j),D,"[0.21052631578947364, 0.0, 0.7894736842105262]"
1.92,-2.88,1.6,(-3.403863861284489-19.118019065797398j),(-2.160872742354488+0.3847321530133836j),(2.903285613431856e-05-2.7092312494753975e-05j),(1.7339079996642548e-05+1.8581027925963883e-05j),D,"[0.15, 0.09999999999999998, 0.75]"
2.88,-2.88,1.6,,,,,D,"[3.3993498887762956e-17, 0.3478260869565218, 0.6521739130434783]"
1.92,-2.88,1.92,(-8.942544597354482-21.649937561049125j),(-2.0392088300021256+0.8422987758829078j),(2.415085898893585e-05-2.0951439562388725e-05j),(2.0113381979893176e-05+2.3184824629378413e-05j),D,"[0.14285714285714282, 1.3597399555105182e-16, 0.857142857142857]"
2.88,-2.88,1.92,,,,,D,"[3.3993498887762956e-17, 0.24999999999999994, 0.7499999999999999]"
2.88,-2.88,2.88,,,,,D,"[0.0, 0.0, 1.0]"
1.6,1.6,1.6,(-0.7740963721377933-7.04771511201547j),(1.7206335722694015-0.1889883721039534j),(2.8696883273459494e-06-7.133134363767501e-06j),(3.4239044946084013e-05+1.377450397126056e-05j),A,"[0.0, 0.0, 1.0]"
1.92,1.6,1.6,(-2.0588778653149626-6.629048688288182j),(1.3486834082617556-0.41887977403055066j),(2.0337889242155457e-06-6.594600549138934e-06j),(3.3764354811591346e-05+1.0412999291983594e-05j),A,"[0.0625, 2.7194799110210365e-16, 0.9375]"
2.88,1.6,1.6,(-3.672192814816559-6.7613945529695805j),(0.9170728289075493-0.49807302718323543j),(2.170510446922304e-06-6.298725372114244e-06j),(3.8296250262454607e-05+1.3196703517287609e-05j),A,"[0.21052631578947364, 0.0, 0.7894736842105262]"
1.92,1.6,1.92,(-2.5970849279068413-6.954302237449561j),(1.1790470102012738-0.44031523435920567j),(2.3176341132727438e-06-6.363672009447244e-06j),(3.4618375731393e-05+1.2607929576203725e-05j),A,"[6.798699777552591e-17, 0.11764705882352944, 0.8823529411764703]"
2.88,1.6,1.92,(-4.192034456304263-6.371561063200746j),(0.7201652315719882-0.4738175519368787j),(2.0786488107767916e-06-5.704539475726461e-06j),(3.650905264464935e-05+1.3303352388971467e-05j),A,"[0.15, 0.09999999999999998, 0.75]"
2.88,1.6,2.88,(-5.367372861118799-5.650276754229527j),(0.4257599068520272-0.40444252003752523j),(2.0473806760503505e-06-5.033341765401935e-06j),(3.704539539335825e-05+1.506872177573058e-05j),A,"[3.3993498887762956e-17, 0.3478260869565218, 0.6521739130434783]"
1.92,1.92,1.92,(-5.077310704082926-7.783256651305288j),(1.099658069088588-0.7173482688738401j),(1.8003947210110036e-06-7.574916157278287e-06j),(4.363151706592293e-05+1.037027359302338e-05j),A,"[0.0, 0.0, 1.0]"
2.88,1.92,1.92,(-5.054703845477183-6.536256952585291j),(0.615650408011099-0.47610283797249353j),(2.2100577065006447e-06-5.6315955624472e-06j),(3.784432217964518e-05+1.4851587787684332e-05j),A,"[0.14285714285714282, 1.3597399555105182e-16, 0.857142857142857]"
2.88,1.92,2.88,(-6.343544250131294-5.493087915093079j),(0.34492950534227657-0.3983325251908978j),(2.0341017001624715e-06-4.987077014062647e-06j),(3.830075146800113e-05+1.5621901057247782e-05j),A,"[3.3993498887762956e-17, 0.24999999999999994, 0.7499999999999999]"
2.88,2.88,2.88,(-8.18389287961105-5.637360493058015j),(0.23599257786788272-0.3425961458438429j),(2.60178869025937e-06-4.9611584479154425e-06j),(4.2864408989989426e-05+2.247945428384096e-05j),A,"[0.0, 0.0, 1.0]"
0.8,-0.8,0.8,,,,,D,"[0.0, 0.0, 1.0]"
0.96,-0.8,0.8,,,,,C,"[0.0625, 2.7194799110210365e-16, 0.9375]"
1.44,-0.8,0.8,,,,,C,"[0.21052631578947364, 0.0, 0.7894736842105262]"
0.96,-0.8,0.96,(-7.442698818484656-3.625628886411719j),(-4.917573901925617+10.094806340175586j),(5.5149220785430245e-06-4.277672554983885e-05j),(4.79099326158195e-05+6.176712727968187e-06j),B,"[6.798699777552591e-17, 0.11764705882352944, 0.8823529411764703]"
1.44,-0.8,0.96,(-8.094257311829354-1.120103619194591j),(-1.0128251764997387+7.319026070447549j),(4.7968157068284715e-06-2.6317300016220555e-05j),(4.210768002595288e-05+7.674905130925554e-06j),B,"[0.15, 0.09999999999999998, 0.75]"
1.44,-0.8,1.44,(-8.879569933667996+1.7710742810848557j),(1.0676325479147712+5.352750008239291j),(3.4196113777150207e-06-2.0182886142551452e-05j),(4.198040317650702e-05+7.112791665647243e-06j),B,"[3.3993498887762956e-17, 0.3478260869565218, 0.6521739130434783]"
0.8,-0.96,0.8,(-4.212091620296178-6.14677953901938j),(-10.004523989289353+6.85561787157581j),(1.2292611751815936e-05-6.747894833187446e-05j),(4.318652693239966e-05+7.8672715211622e-06j),D,"[0.0625, 2.7194799110210365e-16, 0.9375]"
0.96,-0.96,0.8,,,,,D,"[6.798699777552591e-17, 0.11764705882352944, 0.8823529411764703]"
1.44,-0.96,0.8,(-7.89520000928396-3.78635315847479j),(-3.4237134317805897+7.139033573209599j),(7.20477883911307e-06-3.156056520471587e-05j),(4.039752346203632e-05+9.222116914064729e-06j),C,"[0.15, 0.09999999999999998, 0.75]"
0.96,-0.96,0.96,,,,,D,"[0.0, 0.0, 1.0]"
1.44,-0.96,0.96,,,,,C,"[0.14285714285714282, 1.3597399555105182e-16, 0.857142857142857]"
1.44,-0.96,1.44,(-11.318734653122048+0.5825944631430712j),(0.2926645603977137+5.6859320008690855j),(4.502948636947104e-06-2.2548111506359337e-05j),(4.3292374092209926e-05+8.64566138293844e-06j),B,"[3.3993498887762956e-17, 0.24999999999999994, 0.7499999999999999]"
0.8,-1.44,0.8,(-0.34303159721416665-7.854724104783151j),(-8.52292112064144+0.3722131046160662j),(5.320572443606198e-05-0.00020105617840442152j),(3.216898854470747e-05+8.512915909769924e-06j),D,"[0.21052631578947364, 0.0, 0.7894736842105262]"
0.96,-1.44,0.8,(-1.640945015063695-8.749962070199299j),(-7.911930402017597+1.4837827465492037j),(3.0152823295034664e-05-9.959958145952142e-05j),(3.187186606704686e-05+9.648903454411094e-06j),D,"[0.15, 0.09999999999999998, 0.75]"
1.44,-1.44,0.8,,,,,D,"[3.3993498887762956e-17, 0.3478260869565218, 0.6521739130434783]"
0.96,-1.44,0.96,(-3.9865927365079816-10.659964776926614j),(-8.032501429372992+3.0039791429367875j),(2.29687769678882e-05-7.569785107829042e-05j),(3.63349685175794e-05+1.1025012944586336e-05j),D,"[0.14285714285714282, 1.3597399555105182e-16, 0.857142857142857]"
1.44,-1.44,0.96,,,,,D,"[3.3993498887762956e-17, 0.24999999999999994, 0.7499999999999999]"
1.44,-1.44,1.44,,,,,D,"[0.0, 0.0, 1.0]"
0.8,0.8,0.8,(2.393002077219968-2.5351027604457674j),(4.951372578995638+4.673832182070249j),(3.143972812588525e-07-1.664494651596561e-05j),(3.994787163831747e-05+7.545534750212462e-07j),A,"[0.0, 0.0, 1.0]"
0.96,0.8,0.8,(2.188658518840462-2.860246665381477j),(4.655349390269331+3.5622697246752306j),(3.2233293129083257e-07-1.4693412378940647e-05j),(3.7615135690088056e-05+8.251723041045313e-07j),A,"[0.0625, 2.7194799110210365e-16, 0.9375]"
1.44,0.8,0.8,(1.6863531005041694-4.030784080773421j),(4.373680643200326+1.829810221901225j),(4.0878984928379006e-07-1.320245376322922e-05j),(4.013545944021683e-05+1.2427211418227217e-06j),A,"[0.21052631578947364, 0.0, 0.7894736842105262]"
0.96,0.8,0.96,(2.090544349595026-3.4617774487164685j),(4.695336166336356+2.8354822450019346j),(2.259348187380661e-07-1.413702607706294e-05j),(3.845271092961119e-05+6.145427069675397e-07j),A,"[6.798699777552591e-17, 0.11764705882352944, 0.8823529411764703]"
1.44,0.8,0.96,(1.3741157892461364-4.236565375568775j),(3.830806365350816+1.2425092133663704j),(5.361873666717515e-07-1.1586558586066735e-05j),(3.7076987475413554e-05+1.715799573349605e-06j),A,"[0.15, 0.09999999999999998, 0.75]"
1.44,0.8,1.44,(0.582218199249917-5.3447933945772546j),(3.221928888513488+0.35097065444752906j),(9.117126664637828e-07-1.0512476188402295e-05j),(3.868591237332045e-05+3.355102612586721e-06j),A,"[3.3993498887762956e-17, 0.3478260869565218, 0.6521739130434783]"
0.96,0.96,0.96,(2.583813740459011-5.042251227503102j),(5.69915910226678+2.9204347290706054j),(8.147821082442929e-07-1.6988517826250186e-05j),(4.892693133960053e-05+2.3465724717435635e-06j),A,"[0.0, 0.0, 1.0]"
1.44,0.96,0.96,(1.16552615828782-4.976862799890975j),(3.750167884273558+0.8782477924019672j),(6.763743094844299e-07-1.1462148363356785e-05j),(3.8512818500878796e-05+2.2726176798676844e-06j),A,"[0.14285714285714282, 1.3597399555105182e-16, 0.857142857142857]"
1.44,0.96,1.44,(0.05310493453082031-5.915837969231065j),(2.9718032493967144+0.02667710268917398j),(7.966915789713681e-07-1.0011346941835778e-05j),(3.8443572256649386e-05+3.0592956632500536e-06j),A,"[3.3993498887762956e-17, 0.24999999999999994, 0.7499999999999999]"
1.44,1.44,1.44,(-0.42212495312436127-6.53803314368556j),(2.1895740712895853-0.14136879270765057j),(1.9941322958667396e-06-8.218622894361353e-06j),(3.550445090364105e-05+8.614651518144316e-06j),A,"[0.0, 0.0, 1.0]"
1.28,-5.12,1.28,(1.6166063394661978-4.964778074223704j),(-0.5918476670055036-0.19271449321105452j),(3.4238182556054e-06+4.943919161835593e-06j),(1.2656433054299118e-05-8.764974734349824e-06j),D,"[0.5, 0.0, 0.5]"
1.28,-20.48,1.28,(0.5337155392380967-6.080557672162339j),(-0.18121474004275614-0.0159059625636964j),(5.749669263488632e-06+4.896177868210842e-07j),(8.773950739833829e-06-0.0001030340732017163j),D,"[0.8333333333333333, 3.3993498887762956e-17, 0.16666666666666669]"
5.12,-20.48,1.28,(-2.0068180312038035-5.603741604820953j),(-0.04175112847105378+0.014951959484843935j),(3.6077591418513947e-06+9.541005945469139e-07j),(1.3433736371220548e-05-5.0797248717267635e-05j),D,"[0.5714285714285714, 0.2857142857142857, 0.14285714285714288]"
1.28,-1.28,1.28,,,,,D,"[0.0, 0.0, 1.0]"
5.12,-1.28,1.28,,,,,C,"[0.5, 0.0, 0.5]"
20.48,-1.28,1.28,,,,,C,"[0.8333333333333333, 3.3993498887762956e-17, 0.16666666666666669]"
5.12,-1.28,5.12,(-3.57481210075608+9.394213341099274j),(0.27996937457022886+0.10653770270216702j),(2.9736375707375873e-06-5.9273693323226394e-06j),(5.310922921761086e-05+2.6643792633808786e-05j),B,"[1.6996749443881478e-17, 0.6666666666666666, 0.33333333333333337]"
20.48,-1.28,5.12,(-1.935268290678718+11.834849608331323j),(0.08817650085934492+0.014418872376372797j),(3.996533463702962e-06-6.3304454183935855e-06j),(0.00015395643257533201+9.719569383725603e-05j),B,"[0.5714285714285714, 0.2857142857142857, 0.14285714285714288]"
20.48,-1.28,20.48,(18.956463105478576+27.6519005642806j),(0.051505678453074015-0.03530916404999527j),(3.1744619419062327e-07-2.003046568874275e-05j),(0.0007948088785293123+1.2596264985483931e-05j),B,"[2.5495124165822214e-17, 0.909090909090909, 0.09090909090909087]"
5.12,-20.48,5.12,(-4.72868803804261-5.4037575026926215j),(-0.010065282700010801+0.008807867836286518j),(2.6194918948158627e-06+1.4514596194373974e-06j),(1.486294650303895e-05-2.6823597002914434e-05j),D,"[0.5, 0.0, 0.5]"
5.12,-5.12,1.28,,,,,D,"[1.6996749443881478e-17, 0.6666666666666666, 0.33333333333333337]"
20.48,-5.12,1.28,(-5.834752267611303-6.308123171003498j),(-0.04699918010088427+0.04347229203292208j),(5.374815544085816e-06+1.775518096257693e-07j),(-2.954462112172801e-06+8.943693065358798e-05j),C,"[0.5714285714285714, 0.2857142857142857, 0.14285714285714288]"
5.12,-5.12,5.12,,,,,D,"[0.0, 0.0, 1.0]"
20.48,-5.12,5.12,,,,,C,"[0.5, 0.0, 0.5]"
20.48,-5.12,20.48,(-12.64938567192763+37.71449065761772j),(0.017562178269781972+0.005890329215641892j),(5.464401723499952e-06-1.4751163753329998e-05j),(0.0005286817089193472+0.0001958441577702383j),B,"[1.6996749443881478e-17, 0.6666666666666666, 0.33333333333333337]"
20.48,-20.48,1.28,,,,,D,"[2.5495124165822214e-17, 0.909090909090909, 0.09090909090909087]"
20.48,-20.48,5.12,,,,,D,"[1.6996749443881478e-17, 0.6666666666666666, 0.33333333333333337]"
20.48,-20.48,20.48,,,,,D,"[0.0, 0.0, 1.0]"
1.28,1.28,1.28,(0.025806853407209916-5.570773272718991j),(2.656351696357246+0.012305666640858609j),(8.3696500502168e-07-8.894550108344194e-06j),(3.4155072416041704e-05+3.213945619283251e-06j),A,"[0.0, 0.0, 1.0]"
5.12,1.28,1.28,(-2.9375885090158653-5.508505906103211j),(0.6566650755528461-0.35018783915232005j),(2.2449193849025724e-06-5.842379358569825e-06j),(4.486947347381626e-05+1.7240980876051756e-05j),A,"[0.5, 0.0, 0.5]"
20.48,1.28,1.28,(-5.300292066810064-6.25037346019947j),(0.18627564490435927-0.1579610129240174j),(3.555944248472745e-06-6.8692317688023836e-06j),(0.00015826709995320692+8.192895548481204e-05j),A,"[0.8333333333333333, 3.3993498887762956e-17, 0.16666666666666669]"
5.12,1.28,5.12,(-5.862625750120365-3.6174071299014576j),(0.10780713349287084-0.17471986264349118j),(2.111626664118868e-06-3.994290045626718e-06j),(4.6014221325619795e-05+2.4325939170649357e-05j),A,"[1.6996749443881478e-17, 0.6666666666666666, 0.33333333333333337]"
20.48,1.28,5.12,(-9.791833983467342-2.943660479920648j),(0.02193197965562826-0.07295484828552112j),(3.021515091235605e-06-5.619554073139576e-06j),(0.0001510536134859918+8.121832565241307e-05j),A,"[0.5714285714285714, 0.2857142857142857, 0.14285714285714288]"
20.48,1.28,20.48,(-22.14977877772755+36.501817883200374j),(-0.06798993401825497-0.041257177996873014j),(-1.4655344845777572e-05-2.087780029587802e-05j),(0.0008818782844978876-0.0006190417662856447j),A,"[2.5495124165822214e-17, 0.909090909090909, 0.09090909090909087]"
5.12,5.12,5.12,(-9.48557873441826+0.92025565213227j),(-0.006856438905986174-0.07067306886924996j),(1.7977179861053472e-06-3.705506709802215e-06j),(5.6916583062562026e-05+2.761294826657813e-05j),A,"[0.0, 0.0, 1.0]"
20.48,5.12,5.12,(-16.327664082824874+5.129735225186261j),(-0.009554876434032359-0.030412644302146272j),(3.29599836229497e-06-6.245706626822073e-06j),(0.00019186810757597408+0.00010125306968970148j),A,"[0.5, 0.0, 0.5]"
20.48,5.12,20.48,(41.070796366492814+22.472690614653434j),(-0.010464662040888067+0.01912507990677506j),(-1.8451286490011808e-05+1.3359127897875203e-06j),(-6.155886135340894e-05-0.000850235281459744j),A,"[1.6996749443881478e-17, 0.6666666666666666, 0.33333333333333337]"
20.48,20.48,20.48,(8.988070729788557-3.6849518835044472j),(0.00042898485943493976+0.0010463491466115877j),(-2.658388890867859e-06+2.5399563168041805e-06j),(-0.00015605491610444885-0.00016333141345492125j),A,"[0.0, 0.0, 1.0]"
0.64,-2.56,0.64,(2.817228687090863-2.7615237220102316j),(-2.6335942478277503-2.6867186423214555j),(2.5513762468244844e-06+1.905498072873613e-05j),(2.4390375332782248e-05-3.2657615959353402e-06j),D,"[0.5, 0.0, 0.5]"
0.64,-10.24,0.64,(1.5773095457605562-1.6342724132958857j),(-0.38964090664288653-0.3760599007035627j),(5.831930947459473e-06+1.8985487341102389e-06j),(1.7010996657627743e-05-5.2254101289236884e-05j),D,"[0.8333333333333333, 3.3993498887762956e-17, 0.16666666666666669]"
2.56,-10.24,0.64,(0.7119004928985029-3.48435471327947j),(-0.20768372495648083-0.04243257599464076j),(3.91499001104529e-06+1.7696586537179085e-06j),(1.2458396922174077e-05-2.7561529677758844e-05j),D,"[0.5714285714285714, 0.2857142857142857, 0.14285714285714288]"
0.64,-0.64,0.64,,,,,D,"[0.0, 0.0, 1.0]"
2.56,-0.64,0.64,,,,,C,"[0.5, 0.0, 0.5]"
10.24,-0.64,0.64,,,,,C,"[0.8333333333333333, 3.3993498887762956e-17, 0.16666666666666669]"
2.56,-0.64,2.56,(-3.7315439828637578+5.940718560917624j),(1.416377678136259+0.8896694142493623j),(3.004128429147998e-06-9.70369696757736e-06j),(4.3472562414746576e-05+1.3458495362583032e-05j),B,"[1.6996749443881478e-17, 0.6666666666666666, 0.33333333333333337]"
10.24,-0.64,2.56,(-1.6485820774590132+5.286179825256771j),(0.3150808707032663+0.09826314911001999j),(3.892054682503387e-06-5.309761720519677e-06j),(6.456670252151928e-05+4.7327384939241184e-05j),B,"[0.5714285714285714, 0.2857142857142857, 0.14285714285714288]"
10.24,-0.64,10.24,(0.5445176515556346+4.896405990708976j),(0.07296213493807577-0.008113945298725882j),(3.047856885283911e-06-3.998075641591839e-06j),(7.932182072918208e-05+6.0469480604032794e-05j),B,"[2.5495124165822214e-17, 0.909090909090909, 0.09090909090909087]"
2.56,-10.24,2.56,(-0.7431850529546464-5.996807243160541j),(-0.08935939137876839+0.01107432027093539j),(2.283294353676865e-06+2.387644611195534e-06j),(1.2224740409321134e-05-1.1690467090825548e-05j),D,"[0.5, 0.0, 0.5]"
2.56,-2.56,0.64,,,,,D,"[1.6996749443881478e-17, 0.6666666666666666, 0.33333333333333337]"
10.24,-2.56,0.64,(-3.274182389972451-3.6121320171452216j),(-0.2152998457637561+0.19515647828414742j),(5.781291926596002e-06-8.942083725363504e-07j),(7.439813659502435e-06+4.810034882927874e-05j),C,"[0.5714285714285714, 0.2857142857142857, 0.14285714285714288]"
2.56,-2.56,2.56,,,,,D,"[0.0, 0.0, 1.0]"
10.24,-2.56,2.56,,,,,C,"[0.5, 0.0, 0.5]"
10.24,-2.56,10.24,(-6.223024180325228+10.862677474599247j),(0.040466627011445336+0.023182571606059476j),(3.4022594665908425e-06-4.532794028550162e-06j),(8.122766899161891e-05+6.09684896413079e-05j),B,"[1.6996749443881478e-17, 0.6666666666666666, 0.33333333333333337]"
10.24,-10.24,0.64,,,,,D,"[2.5495124165822214e-17, 0.909090909090909, 0.09090909090909087]"
10.24,-10.24,2.56,,,,,D,"[1.6996749443881478e-17, 0.6666666666666666, 0.33333333333333337]"
10.24,-10.24,10.24,,,,,D,"[0.0, 0.0, 1.0]"
0.64,0.64,0.64,(2.020874536769227-1.3103888162103736j),(4.998736634103293+7.7090245695847575j),(-2.162360619620495e-06-2.1511319372775043e-05j),(4.130173319572808e-05-4.151732389671351e-06j),A,"[0.0, 0.0, 1.0]"
2.56,0.64,0.64,(0.9714497262372984-3.0079700962699505j),(2.868623825330687+0.9264466535923942j),(1.5081745856469018e-06-1.0416719844949422e-05j),(4.0000204204605783e-05+5.791390408884103e-06j),A,"[0.5, 0.0, 0.5]"
10.24,0.64,0.64,(0.11517549084908196-2.612902976772811j),(0.6229646150524165+0.027459976875563133j),(3.4287938542076705e-06-6.1265846488120625e-06j),(7.057825515431495e-05+3.949970520047236e-05j),A,"[0.8333333333333333, 3.3993498887762956e-17, 0.16666666666666669]"
2.56,0.64,2.56,(-1.643753844634014-4.507964954288934j),(1.0747825990412077-0.39190145603037213j),(1.5734440597731036e-06-6.611815920296388e-06j),(3.808405970090719e-05+9.063037784293077e-06j),A,"[1.6996749443881478e-17, 0.6666666666666666, 0.33333333333333337]"
10.24,0.64,2.56,(-2.548007437659032-3.574828309042584j),(0.21307637149349354-0.15187307820671986j),(2.4807769672819366e-06-4.5832088718713344e-06j),(6.159832723795074e-05+3.3341642440269235e-05j),A,"[0.5714285714285714, 0.2857142857142857, 0.14285714285714288]"
10.24,0.64,10.24,(-3.5775205768386913-2.3851648852114895j),(0.03554172642844154-0.05330921078978018j),(2.319114050997482e-06-3.7226610765309086e-06j),(7.862260193633279e-05+4.897968875706682e-05j),A,"[2.5495124165822214e-17, 0.909090909090909, 0.09090909090909087]"
2.56,2.56,2.56,(-7.281078242964373-4.864845834626211j),(0.28996740785993397-0.4339860822537167j),(1.5791268634679459e-06-5.179760819888698e-06j),(3.97805630967452e-05+1.2127694311433824e-05j),A,"[0.0, 0.0, 1.0]"
10.24,2.56,2.56,(-8.266221127307565-2.489558914701857j),(0.037097318689552794-0.1231762934819991j),(2.100982211587864e-06-4.020323969912114e-06j),(6.175217617785007e-05+3.227108676998959e-05j),A,"[0.5, 0.0, 0.5]"
10.24,2.56,10.24,(-10.32881450278787-0.17362523935124433j),(0.0006468044197233181-0.03847783246184836j),(2.7210801285935016e-06-3.7944344550961833e-06j),(8.742376984541606e-05+6.269368616279427e-05j),A,"[1.6996749443881478e-17, 0.6666666666666666, 0.33333333333333337]"
10.24,10.24,10.24,(-15.756293923439348+7.717323867376912j),(-0.007187317933306947-0.014674192223175751j),(3.5682383352606602e-06-5.828435127319221e-06j),(0.00017904952711124647+0.00010961628165920747j),A,"[0.0, 0.0, 1.0]"
0.32,-1.28,0.32,(1.0633129196222693-1.194545352495525j),(-9.11365777965946-8.112433773973612j),(-3.687277541355133e-06+6.267074291902519e-05j),(4.010927546817612e-05+2.359857626467285e-06j),D,"[0.5, 0.0, 0.5]"
0.32,-5.12,0.32,(0.8680371593591598-0.24603770067468306j),(-0.4692796720021878-1.6556494891341396j),(6.746127467069821e-06+6.526283718756202e-06j),(2.923775106002779e-05-3.02226510524728e-05j),D,"[0.8333333333333333, 3.3993498887762956e-17, 0.16666666666666669]"
1.28,-5.12,0.32,(1.6004182066434567-1.5991861406145138j),(-0.7625513747284477-0.7631388695924075j),(5.224916935065757e-06+5.644855170855257e-06j),(1.9869890201410507e-05-1.8391707611431463e-05j),D,"[0.5714285714285714, 0.2857142857142857, 0.14285714285714288]"
0.32,-0.32,0.32,,,,,D,"[0.0, 0.0, 1.0]"
1.28,-0.32,0.32,,,,,C,"[0.5, 0.0, 0.5]"
5.12,-0.32,0.32,,,,,C,"[0.8333333333333333, 3.3993498887762956e-17, 0.16666666666666669]"
1.28,-0.32,1.28,(-3.265104450246234+1.4178596746256158j),(2.704352711917144+6.227692509167163j),(2.927278239590272e-06-2.0183046780144357e-05j),(4.521002478752336e-05+6.55710325668221e-06j),B,"[1.6996749443881478e-17, 0.6666666666666666, 0.33333333333333337]"
5.12,-0.32,1.28,(-1.8187925771104956+2.302434818012192j),(1.0978864755688629+0.8672678838303067j),(5.244311423784841e-06-7.814240136374939e-06j),(4.751058002915963e-05+3.188541345661183e-05j),B,"[0.5714285714285714, 0.2857142857142857, 0.14285714285714288]"
5.12,-0.32,5.12,(-0.20360314987595898+2.7635995455490123j),(0.3294467384277596+0.0242713868470143j),(3.5933605880996652e-06-4.507526317474225e-06j),(4.471466106934431e-05+3.564613703394868e-05j),B,"[2.5495124165822214e-17, 0.909090909090909, 0.09090909090909087]"
1.28,-5.12,1.28,(3.1473585854285244-5.662541462524046j),(-0.6750275447993332-0.3751943809304862j),(2.9960265412756277e-06+6.83368622241137e-06j),(1.7494236729373106e-05-7.669827945665607e-06j),D,"[0.5, 0.0, 0.5]"
1.28,-1.28,0.32,,,,,D,"[1.6996749443881478e-17, 0.6666666666666666, 0.33333333333333337]"
5.12,-1.28,0.32,(-2.3108587825651528-1.6390563174509247j),(-0.781562956548178+1.1019033348871003j),(8.104132486187232e-06-4.768509984847948e-06j),(1.9837001536967463e-05+3.3713191142538884e-05j),C,"[0.5714285714285714, 0.2857142857142857, 0.14285714285714288]"
1.28,-1.28,1.28,,,,,D,"[0.0, 0.0, 1.0]"
5.12,-1.28,1.28,,,,,C,"[0.5, 0.0, 0.5]"
5.12,-1.28,5.12,(-5.941970246447156+9.488457490832314j),(0.2827780691037271+0.17708451290271152j),(4.533656203252763e-06-5.831174260176225e-06j),(5.224732137117898e-05+4.0621559581144764e-05j),B,"[1.6996749443881478e-17, 0.6666666666666666, 0.33333333333333337]"
5.12,-5.12,0.32,,,,,D,"[2.5495124165822214e-17, 0.909090909090909, 0.09090909090909087]"
5.12,-5.12,1.28,,,,,D,"[1.6996749443881478e-17, 0.6666666666666666, 0.33333333333333337]"
5.12,-5.12,5.12,,,,,D,"[0.0, 0.0, 1.0]"
0.32,0.32,0.32,(0.5600399913796714+0.14738550671171613j),(-4.497848715567509+17.091064190053448j),(-8.354532523515083e-06-5.134845258519169e-05j),(4.9294514481784025e-05-8.02035122257448e-06j),A,"[0.0, 0.0, 1.0]"
1.28,0.32,0.32,(1.044675852241264-0.5360802276999722j),(4.089967557525422+7.970244234018432j),(-1.6736972266170538e-06-2.2433887161637305e-05j),(4.3073063350343626e-05-3.213498675104743e-06j),A,"[0.5, 0.0, 0.5]"
5.12,0.32,0.32,(0.5477738220844582-0.8052664841121787j),(1.5359239275210927+1.044795650643269j),(4.100093788771816e-06-9.023621826894543e-06j),(5.1976061722912566e-05+2.361654022332566e-05j),A,"[0.8333333333333333, 3.3993498887762956e-17, 0.16666666666666669]"
1.28,0.32,1.28,(1.2124045593061075-2.415003225244941j),(4.606253099908716+2.312478178608145j),(-5.491215241246698e-07-1.4431722308175699e-05j),(4.156336024754601e-05-1.581469989479049e-06j),A,"[1.6996749443881478e-17, 0.6666666666666666, 0.33333333333333337]"
5.12,0.32,1.28,(-0.06255746196919997-2.4099065891661335j),(1.1491330095129648-0.029829722389793374j),(2.4283960520458516e-06-7.294654893267988e-06j),(4.9020080882760885e-05+1.6318821469748123e-05j),A,"[0.5714285714285714, 0.2857142857142857, 0.14285714285714288]"
5.12,0.32,5.12,(-1.569277062905246-2.0322274164775935j),(0.24226038652391355-0.187072403777271j),(1.843619586385883e-06-5.004796574484154e-06j),(5.285065182655267e-05+1.9468622832234925e-05j),A,"[2.5495124165822214e-17, 0.909090909090909, 0.09090909090909087]"
1.28,1.28,1.28,(-0.7891466929497104-6.847747295338322j),(3.2652603604022605-0.3762944664715339j),(-2.823599446004299e-07-1.105068000043512e-05j),(4.243461120167086e-05-1.0842621872656508e-06j),A,"[0.0, 0.0, 1.0]"
5.12,1.28,1.28,(-3.639765393563291-5.425289470754466j),(0.6467449034159738-0.4338938466981996j),(1.720848078154538e-06-6.319760051085766e-06j),(4.8535757192338685e-05+1.321611324022685e-05j),A,"[0.5, 0.0, 0.5]"
5.12,1.28,5.12,(-6.405989376617557-3.538991287876035j),(0.1054701592885266-0.1909133606141077j),(2.036617528749079e-06-4.346452781964916e-06j),(5.007113604823583e-05+2.3461833931189387e-05j),A,"[1.6996749443881478e-17, 0.6666666666666666, 0.33333333333333337]"
5.12,5.12,5.12,(-8.767392673112502-0.3865406913301431j),(0.0028799525747458866-0.06532216573590413j),(2.1178425102779917e-06-3.14622708004377e-06j),(4.8326047949472305e-05+3.253006095786995e-05j),A,"[0.0, 0.0, 1.0]"
0.16,-0.64,0.16,(0.1552634242741866-0.3119239268125895j),(-19.038325611119962-9.47652736048502j),(-1.2869489402110487e-05+0.00016729410385365947j),(5.353411323317103e-05+4.118236608675356e-06j),D,"[0.5, 0.0, 0.5]"
0.16,-2.56,0.16,(0.3574247055254445-0.021818891725925552j),(-0.33292986642342454-5.4538681873389345j),(4.875635087211199e-06+1.8019412627875456e-05j),(4.036348428644103e-05-1.0921422595353086e-05j),D,"[0.8333333333333333, 3.3993498887762956e-17, 0.16666666666666669]"
0.64,-2.56,0.16,(1.154620832550348-0.5283251431264034j),(-2.0154004788452275-4.404528932763473j),(4.453768446394444e-06+1.899460250590301e-05j),(3.34305004103893e-05-7.838632465654222e-06j),D,"[0.5714285714285714, 0.2857142857142857, 0.14285714285714288]"
0.16,-0.16,0.16,,,,,D,"[0.0, 0.0, 1.0]"
0.64,-0.16,0.16,,,,,C,"[0.5, 0.0, 0.5]"
2.56,-0.16,0.16,,,,,C,"[0.8333333333333333, 3.3993498887762956e-17, 0.16666666666666669]"
0.64,-0.16,0.64,(-1.016336754837974-0.3159450376041114j),(-4.820938684144766+15.50806815853842j),(1.0787568664075996e-06-4.73664727273731e-05j),(5.305044945465788e-05+1.2082076903765117e-06j),B,"[1.6996749443881478e-17, 0.6666666666666666, 0.33333333333333337]"
2.56,-0.16,0.64,(-1.1147912665529487+0.534019582256671j),(2.0371230402247273+4.252591196262164j),(5.9046526749489645e-06-1.4826221786278253e-05j),(4.507171423028589e-05+1.7950144131844852e-05j),B,"[0.5714285714285714, 0.2857142857142857, 0.14285714285714288]"
2.56,-0.16,2.56,(-0.7678926588705126+1.7252468189549979j),(1.6453235806989648+0.7323195065217137j),(4.596108935318872e-06-8.965949748914113e-06j),(4.4471110754614005e-05+2.2796700319181606e-05j),B,"[2.5495124165822214e-17, 0.909090909090909, 0.09090909090909087]"
0.64,-2.56,0.64,(3.8910632205597175-3.1778187265117293j),(-3.030604101669053-3.71080705696079j),(1.0409298233859674e-06+2.446051901377966e-05j),(3.130946433763797e-05-1.3323901739340382e-06j),D,"[0.5, 0.0, 0.5]"
0.64,-0.64,0.16,,,,,D,"[1.6996749443881478e-17, 0.6666666666666666, 0.33333333333333337]"
2.56,-0.64,0.16,(-1.2383589856005033-0.5252310914037568j),(-2.0035976081991453+4.723964636232388j),(9.04469631069542e-06-1.7079692312236937e-05j),(3.552576000945283e-05+1.8812968326246473e-05j),C,"[0.5714285714285714, 0.2857142857142857, 0.14285714285714288]"
0.64,-0.64,0.64,,,,,D,"[0.0, 0.0, 1.0]"
2.56,-0.64,0.64,,,,,C,"[0.5, 0.0, 0.5]"
2.56,-0.64,2.56,(-5.545715992349137+6.017223083677934j),(1.4346177777476152+1.3222017269966926j),(5.513721429496884e-06-1.0487613527264567e-05j),(4.6984508602145265e-05+2.470147200414604e-05j),B,"[1.6996749443881478e-17, 0.6666666666666666, 0.33333333333333337]"
2.56,-2.56,0.16,,,,,D,"[2.5495124165822214e-17, 0.909090909090909, 0.09090909090909087]"
2.56,-2.56,0.64,,,,,D,"[1.6996749443881478e-17, 0.6666666666666666, 0.33333333333333337]"
2.56,-2.56,2.56,,,,,D,"[0.0, 0.0, 1.0]"
0.16,0.16,0.16,(0.06316929575659057+0.07019787087068077j),(-17.138152068037297+15.422191346823867j),(-1.512225444146492e-05-0.00011464620628041984j),(5.503017901460152e-05-7.258682131903162e-06j),A,"[0.0, 0.0, 1.0]"
0.64,0.16,0.16,(0.27403889741177595+0.08732733215349014j),(-5.330037362883919+16.726006922105462j),(-6.519314713278952e-06-5.264654786632558e-05j),(5.054068595167255e-05-6.258542124747794e-06j),A,"[0.5, 0.0, 0.5]"
2.56,0.16,0.16,(0.2956082506166943-0.196531779635573j),(2.9988369695369412+4.5106239412947735j),(2.3141118761728835e-06-1.7106564560047825e-05j),(4.9266905932937736e-05+6.664642203377904e-06j),A,"[0.8333333333333333, 3.3993498887762956e-17, 0.16666666666666669]"
0.64,0.16,0.64,(0.8789310275991588-0.16594871343000284j),(2.532176413421674+13.411423150621928j),(-4.7648164732240915e-06-3.388489825581197e-05j),(4.879425348836924e-05-6.861335721442692e-06j),A,"[1.6996749443881478e-17, 0.6666666666666666, 0.33333333333333337]"
2.56,0.16,0.64,(0.6450012014872469-0.9143705582237435j),(3.4880468682241186+2.4604843196382404j),(1.5798589264361807e-06-1.4080514971789008e-05j),(4.731053030521107e-05+5.308325992825567e-06j),A,"[0.5714285714285714, 0.2857142857142857, 0.14285714285714288]"
2.56,0.16,2.56,(-0.29517694533780886-1.7244160939936235j),(1.6445313396393044-0.28150267156391984j),(9.803807444558024e-07-9.232299153605282e-06j),(4.8746539531035887e-05+5.176410330726637e-06j),A,"[2.5495124165822214e-17, 0.909090909090909, 0.09090909090909087]"
0.64,0.64,0.64,(2.3186034024365383-1.8798451567218102j),(7.171040179145088+8.844770059343483j),(-5.48544549770695e-06-2.6225963373061518e-05j),(5.035384967627811e-05-1.0532055355597344e-05j),A,"[0.0, 0.0, 1.0]"
2.56,0.64,0.64,(0.7907683747557582-3.656620071883205j),(3.4872246474105877+0.7541354892308789j),(5.526410121535126e-07-1.2445015031456191e-05j),(4.7788857720791775e-05+2.122141486669488e-06j),A,"[0.5, 0.0, 0.5]"
2.56,0.64,2.56,(-2.55751656459095-5.138723768198639j),(1.2251672192093463-0.6097594653584838j),(9.852259409820076e-07-8.070367961483935e-06j),(4.648531945814747e-05+5.674901420056363e-06j),A,"[1.6996749443881478e-17, 0.6666666666666666, 0.33333333333333337]"
2.56,2.56,2.56,(-8.330227071672475-4.529194380535314j),(0.2699610221705027-0.4965202255053803j),(1.192957772887187e-06-5.740903414018373e-06j),(4.4090138219661106e-05+9.161915695773595e-06j),A,"[0.0, 0.0, 1.0]"
